candidate_id,ci95,clusters,estimand,holm_family,holm_p,losses,mean_difference,metric,p_value,reference,rows,ties,wins
legal_llmlingua2-r1p1,"[-0.039875994501527755, 0.03352459528627544]",360,evaluation_row_mean_with_context_cluster_resampling,raw:outcome_correctness,1.0,125,-0.003460076045627373,outcome_correctness,0.8540214597854021,raw,526,285,116
legal_llmlingua2-r1p1,"[-0.03854959382844893, 0.025872730477405473]",360,evaluation_row_mean_with_context_cluster_resampling,raw:legal_reasoning_correctness,1.0,185,-0.005779467680608368,legal_reasoning_correctness,0.7257227427725723,raw,526,156,185
legal_llmlingua2-r1p1,"[-0.04697380184176917, 0.017249359256066053]",360,evaluation_row_mean_with_context_cluster_resampling,raw:legal_basis_correctness,0.7517524824751752,189,-0.014828897338403042,legal_basis_correctness,0.3758762412375876,raw,526,169,168
legal_llmlingua2-r1p1,"[-0.03780680244530244, 0.02177701164457877]",360,evaluation_row_mean_with_context_cluster_resampling,raw:overall_score,1.0,223,-0.008022813688212926,overall_score,0.5976240237597624,raw,526,99,204
legal_llmlingua2-r1p1,"[-0.0027378977759157795, 0.07945914142233497]",360,evaluation_row_mean_with_context_cluster_resampling,oracle_bgb_paragraph_ids:outcome_correctness,1.0,135,0.03781368821292776,outcome_correctness,0.06800931990680094,oracle_bgb_paragraph_ids,526,237,154
legal_llmlingua2-r1p1,"[0.03840083215240427, 0.11084127114389435]",360,evaluation_row_mean_with_context_cluster_resampling,oracle_bgb_paragraph_ids:legal_reasoning_correctness,0.001049989500104999,172,0.07433460076045628,legal_reasoning_correctness,6.999930000699993e-05,oracle_bgb_paragraph_ids,526,129,225
legal_llmlingua2-r1p1,"[0.06930833347571289, 0.1452786233358421]",360,evaluation_row_mean_with_context_cluster_resampling,oracle_bgb_paragraph_ids:legal_basis_correctness,0.00014999850001499987,157,0.10606463878326998,legal_basis_correctness,9.99990000099999e-06,oracle_bgb_paragraph_ids,526,127,242
legal_llmlingua2-r1p1,"[0.03850783815396391, 0.11033565735329712]",360,evaluation_row_mean_with_context_cluster_resampling,oracle_bgb_paragraph_ids:overall_score,0.00044999550004499957,197,0.07273764258555132,overall_score,2.999970000299997e-05,oracle_bgb_paragraph_ids,526,77,252
legal_llmlingua2-r1p1,"[0.05502699323249718, 0.13959895833333327]",360,evaluation_row_mean_with_context_cluster_resampling,no_context:outcome_correctness,0.0005499945000549994,115,0.09747148288973383,outcome_correctness,4.999950000499995e-05,no_context,526,216,195
legal_llmlingua2-r1p1,"[0.18373159118089583, 0.25579968884913806]",360,evaluation_row_mean_with_context_cluster_resampling,no_context:legal_reasoning_correctness,0.00014999850001499987,102,0.21918250950570345,legal_reasoning_correctness,9.99990000099999e-06,no_context,526,119,305
legal_llmlingua2-r1p1,"[0.28123943599191725, 0.35723570418035777]",360,evaluation_row_mean_with_context_cluster_resampling,no_context:legal_basis_correctness,0.00014999850001499987,75,0.31904942965779465,legal_basis_correctness,9.99990000099999e-06,no_context,526,103,348
legal_llmlingua2-r1p1,"[0.1765907304428938, 0.24629476027830488]",360,evaluation_row_mean_with_context_cluster_resampling,no_context:overall_score,0.00014999850001499987,116,0.21190114068441065,overall_score,9.99990000099999e-06,no_context,526,72,338
legal_llmlingua2-r1p25,"[-0.04097015136562854, 0.022830445854336863]",360,evaluation_row_mean_with_context_cluster_resampling,raw:outcome_correctness,1.0,117,-0.009277566539923952,outcome_correctness,0.5748942510574895,raw,526,293,116
legal_llmlingua2-r1p25,"[-0.048077403846153846, 0.01044814362923529]",360,evaluation_row_mean_with_context_cluster_resampling,raw:legal_reasoning_correctness,1.0,185,-0.01811787072243346,legal_reasoning_correctness,0.22749772502274979,raw,526,165,176
legal_llmlingua2-r1p25,"[-0.0647081070070614, 0.0022539018080831386]",360,evaluation_row_mean_with_context_cluster_resampling,raw:legal_basis_correctness,0.37134628653713464,195,-0.030798479087452483,legal_basis_correctness,0.07426925730742692,raw,526,167,164
legal_llmlingua2-r1p25,"[-0.047266252522626256, 0.008186996675631235]",360,evaluation_row_mean_with_context_cluster_resampling,raw:overall_score,0.872791272087279,215,-0.019397972116603292,overall_score,0.17455825441745582,raw,526,116,195
legal_llmlingua2-r1p25,"[-0.009583392184557445, 0.07492211579623287]",360,evaluation_row_mean_with_context_cluster_resampling,oracle_bgb_paragraph_ids:outcome_correctness,1.0,133,0.03199619771863118,outcome_correctness,0.13295867041329587,oracle_bgb_paragraph_ids,526,234,159
legal_llmlingua2-r1p25,"[0.025537578303378015, 0.09929231298207805]",360,evaluation_row_mean_with_context_cluster_resampling,oracle_bgb_paragraph_ids:legal_reasoning_correctness,0.012239877601223987,174,0.06199619771863118,legal_reasoning_correctness,0.001019989800101999,oracle_bgb_paragraph_ids,526,125,227
legal_llmlingua2-r1p25,"[0.051704622016989936, 0.12914372496662216]",360,evaluation_row_mean_with_context_cluster_resampling,oracle_bgb_paragraph_ids:legal_basis_correctness,0.0003599964000359997,160,0.09009505703422054,legal_basis_correctness,2.999970000299997e-05,oracle_bgb_paragraph_ids,526,124,242
legal_llmlingua2-r1p25,"[0.025798290598290592, 0.09878699179537331]",360,evaluation_row_mean_with_context_cluster_resampling,oracle_bgb_paragraph_ids:overall_score,0.011989880101198988,198,0.06136248415716096,overall_score,0.001089989100108999,oracle_bgb_paragraph_ids,526,71,257
legal_llmlingua2-r1p25,"[0.04942753514164123, 0.13480736967606638]",360,evaluation_row_mean_with_context_cluster_resampling,no_context:outcome_correctness,0.0006299937000629995,117,0.09165399239543726,outcome_correctness,6.999930000699993e-05,no_context,526,215,194
legal_llmlingua2-r1p25,"[0.16975429663724892, 0.24444536855838225]",360,evaluation_row_mean_with_context_cluster_resampling,no_context:legal_reasoning_correctness,0.00014999850001499987,107,0.20684410646387835,legal_reasoning_correctness,9.99990000099999e-06,no_context,526,113,306
legal_llmlingua2-r1p25,"[0.26409126984126985, 0.34115926640926636]",360,evaluation_row_mean_with_context_cluster_resampling,no_context:legal_basis_correctness,0.00014999850001499987,86,0.30307984790874526,legal_basis_correctness,9.99990000099999e-06,no_context,526,101,339
legal_llmlingua2-r1p25,"[0.16470415932091584, 0.2358915321810542]",360,evaluation_row_mean_with_context_cluster_resampling,no_context:overall_score,0.00014999850001499987,126,0.20052598225602025,overall_score,9.99990000099999e-06,no_context,526,63,337
legal_llmlingua2-r2p0,"[-0.059938579261971096, 0.014770704640436907]",360,evaluation_row_mean_with_context_cluster_resampling,raw:outcome_correctness,1.0,141,-0.021920152091254756,outcome_correctness,0.24986750132498675,raw,526,270,115
legal_llmlingua2-r2p0,"[-0.08600509409160967, -0.015361350574712657]",360,evaluation_row_mean_with_context_cluster_resampling,raw:legal_reasoning_correctness,0.05615943840561594,226,-0.05039923954372623,legal_reasoning_correctness,0.004679953200467995,raw,526,126,174
legal_llmlingua2-r2p0,"[-0.09445527859504825, -0.01979183491608968]",360,evaluation_row_mean_with_context_cluster_resampling,raw:legal_basis_correctness,0.023219767802321975,230,-0.057072243346007606,legal_basis_correctness,0.0025799742002579973,raw,526,133,163
legal_llmlingua2-r2p0,"[-0.07694186892639607, -0.010267337702871438]",360,evaluation_row_mean_with_context_cluster_resampling,raw:overall_score,0.11373886261137388,256,-0.04313054499366287,overall_score,0.01033989660103399,raw,526,85,185
legal_llmlingua2-r2p0,"[-0.022792575789081206, 0.06263204887218045]",360,evaluation_row_mean_with_context_cluster_resampling,oracle_bgb_paragraph_ids:outcome_correctness,1.0,146,0.019353612167300385,outcome_correctness,0.3710262897371026,oracle_bgb_paragraph_ids,526,241,139
legal_llmlingua2-r2p0,"[-0.008220525719019761, 0.06852457892675282]",360,evaluation_row_mean_with_context_cluster_resampling,oracle_bgb_paragraph_ids:legal_reasoning_correctness,0.3762262377376226,197,0.0297148288973384,legal_reasoning_correctness,0.12540874591254086,oracle_bgb_paragraph_ids,526,117,212
legal_llmlingua2-r2p0,"[0.0251862743735494, 0.10390946592133618]",360,evaluation_row_mean_with_context_cluster_resampling,oracle_bgb_paragraph_ids:legal_basis_correctness,0.008579914200857991,183,0.0638212927756654,legal_basis_correctness,0.0014299857001429986,oracle_bgb_paragraph_ids,526,123,220
legal_llmlingua2-r2p0,"[0.001102540539091003, 0.07458028305933533]",360,evaluation_row_mean_with_context_cluster_resampling,oracle_bgb_paragraph_ids:overall_score,0.19739802601973983,223,0.037629911280101395,overall_score,0.044409555904440956,oracle_bgb_paragraph_ids,526,72,231
legal_llmlingua2-r2p0,"[0.038199812182109466, 0.1211744744236433]",360,evaluation_row_mean_with_context_cluster_resampling,no_context:outcome_correctness,0.0017499825001749984,121,0.07901140684410647,outcome_correctness,0.0002599974000259997,no_context,526,226,179
legal_llmlingua2-r2p0,"[0.13765965011477183, 0.21372493312778207]",360,evaluation_row_mean_with_context_cluster_resampling,no_context:legal_reasoning_correctness,0.00014999850001499987,115,0.17456273764258554,legal_reasoning_correctness,9.99990000099999e-06,no_context,526,119,292
legal_llmlingua2-r2p0,"[0.23772462406015035, 0.31522867513611613]",360,evaluation_row_mean_with_context_cluster_resampling,no_context:legal_basis_correctness,0.00014999850001499987,86,0.2768060836501901,legal_basis_correctness,9.99990000099999e-06,no_context,526,117,323
legal_llmlingua2-r2p0,"[0.14158833181677105, 0.21320880149812732]",360,evaluation_row_mean_with_context_cluster_resampling,no_context:overall_score,0.00014999850001499987,138,0.1767934093789607,overall_score,9.99990000099999e-06,no_context,526,76,312
xprovence_six_probe_atoms-r1p1,"[-0.038450311231444725, 0.028344632279942432]",360,evaluation_row_mean_with_context_cluster_resampling,raw:outcome_correctness,1.0,116,-0.004752851711026617,outcome_correctness,0.7803421965780343,raw,526,294,116
xprovence_six_probe_atoms-r1p1,"[-0.03415423733014077, 0.03202896605878767]",360,evaluation_row_mean_with_context_cluster_resampling,raw:legal_reasoning_correctness,1.0,191,-0.0005893536121673047,legal_reasoning_correctness,0.9733002669973301,raw,526,145,190
xprovence_six_probe_atoms-r1p1,"[-0.0486441169721011, 0.02170483998196979]",360,evaluation_row_mean_with_context_cluster_resampling,raw:legal_basis_correctness,0.7517524824751752,198,-0.013707224334600759,legal_basis_correctness,0.44774552254477457,raw,526,150,178
xprovence_six_probe_atoms-r1p1,"[-0.03661507899301485, 0.023358304297328682]",360,evaluation_row_mean_with_context_cluster_resampling,raw:overall_score,1.0,221,-0.006349809885931562,overall_score,0.6819731802681973,raw,526,93,212
xprovence_six_probe_atoms-r1p1,"[-0.00704153584510727, 0.08093380085966333]",360,evaluation_row_mean_with_context_cluster_resampling,oracle_bgb_paragraph_ids:outcome_correctness,1.0,129,0.03652091254752852,outcome_correctness,0.10354896451035489,oracle_bgb_paragraph_ids,526,243,154
xprovence_six_probe_atoms-r1p1,"[0.0409022520312297, 0.12017726907169116]",360,evaluation_row_mean_with_context_cluster_resampling,oracle_bgb_paragraph_ids:legal_reasoning_correctness,0.001119988800111999,171,0.07952471482889734,legal_reasoning_correctness,7.999920000799993e-05,oracle_bgb_paragraph_ids,526,119,236
xprovence_six_probe_atoms-r1p1,"[0.06910736846462723, 0.14631586437631078]",360,evaluation_row_mean_with_context_cluster_resampling,oracle_bgb_paragraph_ids:legal_basis_correctness,0.00014999850001499987,161,0.10718631178707225,legal_basis_correctness,9.99990000099999e-06,oracle_bgb_paragraph_ids,526,117,248
xprovence_six_probe_atoms-r1p1,"[0.03548694664245996, 0.1128746972135518]",360,evaluation_row_mean_with_context_cluster_resampling,oracle_bgb_paragraph_ids:overall_score,0.002799972000279997,195,0.07441064638783271,overall_score,0.0001999980000199998,oracle_bgb_paragraph_ids,526,63,268
xprovence_six_probe_atoms-r1p1,"[0.05289764030612245, 0.1402404483806501]",360,evaluation_row_mean_with_context_cluster_resampling,no_context:outcome_correctness,0.00047999520004799953,122,0.09617870722433461,outcome_correctness,3.999960000399996e-05,no_context,526,206,198
xprovence_six_probe_atoms-r1p1,"[0.18416091081284086, 0.26551602818841735]",360,evaluation_row_mean_with_context_cluster_resampling,no_context:legal_reasoning_correctness,0.00014999850001499987,109,0.22437262357414448,legal_reasoning_correctness,9.99990000099999e-06,no_context,526,98,319
xprovence_six_probe_atoms-r1p1,"[0.28101853589121956, 0.35879769276380474]",360,evaluation_row_mean_with_context_cluster_resampling,no_context:legal_basis_correctness,0.00014999850001499987,78,0.32017110266159693,legal_basis_correctness,9.99990000099999e-06,no_context,526,94,354
xprovence_six_probe_atoms-r1p1,"[0.1771954906596388, 0.2506784607884764]",360,evaluation_row_mean_with_context_cluster_resampling,no_context:overall_score,0.00014999850001499987,118,0.213574144486692,overall_score,9.99990000099999e-06,no_context,526,57,351
xprovence_six_probe_atoms-r1p25,"[-0.047789033282308276, 0.023711004887866514]",360,evaluation_row_mean_with_context_cluster_resampling,raw:outcome_correctness,1.0,130,-0.011692015209125476,outcome_correctness,0.5244247557524425,raw,526,281,115
xprovence_six_probe_atoms-r1p25,"[-0.07288287476280834, -0.006882976190476213]",360,evaluation_row_mean_with_context_cluster_resampling,raw:legal_reasoning_correctness,0.2001979980200198,207,-0.03960076045627377,legal_reasoning_correctness,0.02001979980200198,raw,526,156,163
xprovence_six_probe_atoms-r1p25,"[-0.09271379543915105, -0.01809493026570297]",360,evaluation_row_mean_with_context_cluster_resampling,raw:legal_basis_correctness,0.030399696003039968,213,-0.05577946768060837,legal_basis_correctness,0.003799962000379996,raw,526,156,157
xprovence_six_probe_atoms-r1p25,"[-0.06741654670683926, -0.004580065701068861]",360,evaluation_row_mean_with_context_cluster_resampling,raw:overall_score,0.24182758172418276,239,-0.035690747782002534,overall_score,0.027119728802711972,raw,526,103,184
xprovence_six_probe_atoms-r1p25,"[-0.010305769168449027, 0.07013117437337943]",360,evaluation_row_mean_with_context_cluster_resampling,oracle_bgb_paragraph_ids:outcome_correctness,1.0,126,0.029581749049429656,outcome_correctness,0.14941850581494184,oracle_bgb_paragraph_ids,526,249,151
xprovence_six_probe_atoms-r1p25,"[0.0038084559564603884, 0.07936776928688453]",360,evaluation_row_mean_with_context_cluster_resampling,oracle_bgb_paragraph_ids:legal_reasoning_correctness,0.1950180498195018,195,0.04051330798479087,legal_reasoning_correctness,0.030739692603073968,oracle_bgb_paragraph_ids,526,119,212
xprovence_six_probe_atoms-r1p25,"[0.025294643624487932, 0.10550641466208474]",360,evaluation_row_mean_with_context_cluster_resampling,oracle_bgb_paragraph_ids:legal_basis_correctness,0.007979920200797993,185,0.06511406844106464,legal_basis_correctness,0.0011399886001139988,oracle_bgb_paragraph_ids,526,121,220
xprovence_six_probe_atoms-r1p25,"[0.00959186189010487, 0.08164223291692266]",360,evaluation_row_mean_with_context_cluster_resampling,oracle_bgb_paragraph_ids:overall_score,0.0963890361096389,211,0.045069708491761715,overall_score,0.013769862301376987,oracle_bgb_paragraph_ids,526,73,242
xprovence_six_probe_atoms-r1p25,"[0.04581337893344472, 0.13206520819034548]",360,evaluation_row_mean_with_context_cluster_resampling,no_context:outcome_correctness,0.00029999700002999975,116,0.08923954372623574,outcome_correctness,1.999980000199998e-05,no_context,526,216,194
xprovence_six_probe_atoms-r1p25,"[0.14569176367710557, 0.22548336422559054]",360,evaluation_row_mean_with_context_cluster_resampling,no_context:legal_reasoning_correctness,0.00014999850001499987,120,0.18536121673003803,legal_reasoning_correctness,9.99990000099999e-06,no_context,526,116,290
xprovence_six_probe_atoms-r1p25,"[0.23828449061040638, 0.31807395645319747]",360,evaluation_row_mean_with_context_cluster_resampling,no_context:legal_basis_correctness,0.00014999850001499987,87,0.27809885931558936,legal_basis_correctness,9.99990000099999e-06,no_context,526,105,334
xprovence_six_probe_atoms-r1p25,"[0.14675260718602948, 0.2218424131402064]",360,evaluation_row_mean_with_context_cluster_resampling,no_context:overall_score,0.00014999850001499987,134,0.18423320659062103,overall_score,9.99990000099999e-06,no_context,526,68,324
xprovence_six_probe_atoms-r2p0,"[-0.08507221213311081, 0.0006043374417644448]",360,evaluation_row_mean_with_context_cluster_resampling,raw:outcome_correctness,0.6659733402665973,153,-0.04209125475285171,outcome_correctness,0.04756952430475695,raw,526,255,118
xprovence_six_probe_atoms-r2p0,"[-0.11702044526143791, -0.03711734535525226]",360,evaluation_row_mean_with_context_cluster_resampling,raw:legal_reasoning_correctness,0.0006999930000699992,240,-0.07720532319391635,legal_reasoning_correctness,4.999950000499995e-05,raw,526,130,156
xprovence_six_probe_atoms-r2p0,"[-0.14666197725813154, -0.06204651493598863]",360,evaluation_row_mean_with_context_cluster_resampling,raw:legal_basis_correctness,0.00014999850001499987,241,-0.1044106463878327,legal_basis_correctness,9.99990000099999e-06,raw,526,144,141
xprovence_six_probe_atoms-r2p0,"[-0.1125614736511171, -0.03705595614912501]",360,evaluation_row_mean_with_context_cluster_resampling,raw:overall_score,0.0008399916000839992,263,-0.07456907477820024,overall_score,5.999940000599994e-05,raw,526,87,176
xprovence_six_probe_atoms-r2p0,"[-0.0452365534079497, 0.043456275303643724]",360,evaluation_row_mean_with_context_cluster_resampling,oracle_bgb_paragraph_ids:outcome_correctness,1.0,163,-0.0008174904942965748,outcome_correctness,0.971660283397166,oracle_bgb_paragraph_ids,526,217,146
xprovence_six_probe_atoms-r2p0,"[-0.03802606682769726, 0.0441654965496549]",360,evaluation_row_mean_with_context_cluster_resampling,oracle_bgb_paragraph_ids:legal_reasoning_correctness,0.8890311096889031,211,0.002908745247148286,legal_reasoning_correctness,0.8890311096889031,oracle_bgb_paragraph_ids,526,115,200
xprovence_six_probe_atoms-r2p0,"[-0.027244110932255993, 0.06054840347870243]",360,evaluation_row_mean_with_context_cluster_resampling,oracle_bgb_paragraph_ids:legal_basis_correctness,0.4639753602463975,192,0.01648288973384031,legal_basis_correctness,0.4639753602463975,oracle_bgb_paragraph_ids,526,128,206
xprovence_six_probe_atoms-r2p0,"[-0.033160674042587095, 0.04659923839849297]",360,evaluation_row_mean_with_context_cluster_resampling,oracle_bgb_paragraph_ids:overall_score,0.7628423715762842,228,0.006191381495564006,overall_score,0.7628423715762842,oracle_bgb_paragraph_ids,526,77,221
xprovence_six_probe_atoms-r2p0,"[0.01491546823669037, 0.10320867336945876]",360,evaluation_row_mean_with_context_cluster_resampling,no_context:outcome_correctness,0.021679783202167978,131,0.05884030418250951,outcome_correctness,0.010839891601083989,no_context,526,209,186
xprovence_six_probe_atoms-r2p0,"[0.1059996212121212, 0.18870770780756813]",360,evaluation_row_mean_with_context_cluster_resampling,no_context:legal_reasoning_correctness,0.00014999850001499987,132,0.14775665399239543,legal_reasoning_correctness,9.99990000099999e-06,no_context,526,117,277
xprovence_six_probe_atoms-r2p0,"[0.1876569676613029, 0.2714812815408295]",360,evaluation_row_mean_with_context_cluster_resampling,no_context:legal_basis_correctness,0.00014999850001499987,102,0.22946768060836503,legal_basis_correctness,9.99990000099999e-06,no_context,526,121,303
xprovence_six_probe_atoms-r2p0,"[0.1063478156037101, 0.18345081720488954]",360,evaluation_row_mean_with_context_cluster_resampling,no_context:overall_score,0.00014999850001499987,147,0.1453548795944233,overall_score,9.99990000099999e-06,no_context,526,75,304
multi_probe_bge-r1p1,"[-0.06701519393608305, 0.0036490628660679402]",360,evaluation_row_mean_with_context_cluster_resampling,raw:outcome_correctness,1.0,125,-0.03197718631178707,outcome_correctness,0.07732922670773293,raw,526,289,112
multi_probe_bge-r1p1,"[-0.07506370244022373, -0.008955764920145699]",360,evaluation_row_mean_with_context_cluster_resampling,raw:legal_reasoning_correctness,0.16708832911670884,206,-0.041425855513307984,legal_reasoning_correctness,0.015189848101518985,raw,526,155,165
multi_probe_bge-r1p1,"[-0.09973386550869918, -0.02536650309366333]",360,evaluation_row_mean_with_context_cluster_resampling,raw:legal_basis_correctness,0.01121988780112199,212,-0.06239543726235741,legal_basis_correctness,0.001019989800101999,raw,526,151,163
multi_probe_bge-r1p1,"[-0.07706628895251474, -0.013773765961187663]",360,evaluation_row_mean_with_context_cluster_resampling,raw:overall_score,0.06335936640633594,227,-0.045266159695817494,overall_score,0.0052799472005279945,raw,526,107,192
multi_probe_bge-r1p1,"[-0.03451071092194736, 0.0546601982922201]",360,evaluation_row_mean_with_context_cluster_resampling,oracle_bgb_paragraph_ids:outcome_correctness,1.0,137,0.009296577946768058,outcome_correctness,0.6822031779682203,oracle_bgb_paragraph_ids,526,238,151
multi_probe_bge-r1p1,"[0.000608965429588208, 0.07801242483894057]",360,evaluation_row_mean_with_context_cluster_resampling,oracle_bgb_paragraph_ids:legal_reasoning_correctness,0.2053579464205358,188,0.03868821292775665,legal_reasoning_correctness,0.05133948660513395,oracle_bgb_paragraph_ids,526,115,223
multi_probe_bge-r1p1,"[0.01890855969364472, 0.10089052200090429]",360,evaluation_row_mean_with_context_cluster_resampling,oracle_bgb_paragraph_ids:legal_basis_correctness,0.022049779502204978,173,0.058498098859315596,legal_basis_correctness,0.004409955900440995,oracle_bgb_paragraph_ids,526,127,226
multi_probe_bge-r1p1,"[-0.0027964702932516522, 0.07607949725248239]",360,evaluation_row_mean_with_context_cluster_resampling,oracle_bgb_paragraph_ids:overall_score,0.2167478325216748,214,0.03549429657794677,overall_score,0.07224927750722493,oracle_bgb_paragraph_ids,526,71,241
multi_probe_bge-r1p1,"[0.02536808789712049, 0.11344820673323902]",360,evaluation_row_mean_with_context_cluster_resampling,no_context:outcome_correctness,0.005699943000569994,120,0.06895437262357414,outcome_correctness,0.001899981000189998,no_context,526,214,192
multi_probe_bge-r1p1,"[0.14512613008607558, 0.22289625496193136]",360,evaluation_row_mean_with_context_cluster_resampling,no_context:legal_reasoning_correctness,0.00014999850001499987,106,0.1835361216730038,legal_reasoning_correctness,9.99990000099999e-06,no_context,526,125,295
multi_probe_bge-r1p1,"[0.23076838966202784, 0.312040155287205]",360,evaluation_row_mean_with_context_cluster_resampling,no_context:legal_basis_correctness,0.00014999850001499987,74,0.2714828897338403,legal_basis_correctness,9.99990000099999e-06,no_context,526,130,322
multi_probe_bge-r1p1,"[0.13657739943972477, 0.21330117039445978]",360,evaluation_row_mean_with_context_cluster_resampling,no_context:overall_score,0.00014999850001499987,124,0.1746577946768061,overall_score,9.99990000099999e-06,no_context,526,72,330
multi_probe_bge-r1p25,"[-0.04767220650977818, 0.02808161271736854]",360,evaluation_row_mean_with_context_cluster_resampling,raw:outcome_correctness,1.0,121,-0.009752851711026612,outcome_correctness,0.6213737862621374,raw,526,284,121
multi_probe_bge-r1p25,"[-0.05775382601203286, 0.012077489901762077]",360,evaluation_row_mean_with_context_cluster_resampling,raw:legal_reasoning_correctness,1.0,189,-0.022528517110266162,legal_reasoning_correctness,0.2065679343206568,raw,526,142,195
multi_probe_bge-r1p25,"[-0.08043429187634796, -0.008501954703475199]",360,evaluation_row_mean_with_context_cluster_resampling,raw:legal_basis_correctness,0.0971990280097199,205,-0.04422053231939164,legal_basis_correctness,0.016199838001619983,raw,526,151,170
multi_probe_bge-r1p25,"[-0.05877367924839023, 0.006925259883284693]",360,evaluation_row_mean_with_context_cluster_resampling,raw:overall_score,0.7511924880751193,227,-0.025500633713561472,overall_score,0.12519874801251987,raw,526,86,213
multi_probe_bge-r1p25,"[-0.009738006794785209, 0.07451699826154143]",360,evaluation_row_mean_with_context_cluster_resampling,oracle_bgb_paragraph_ids:outcome_correctness,1.0,123,0.031520912547528514,outcome_correctness,0.14083859161408385,oracle_bgb_paragraph_ids,526,249,154
multi_probe_bge-r1p25,"[0.022200653421340675, 0.09500168593448938]",360,evaluation_row_mean_with_context_cluster_resampling,oracle_bgb_paragraph_ids:legal_reasoning_correctness,0.016299837001629982,177,0.05758555133079848,legal_reasoning_correctness,0.0016299837001629983,oracle_bgb_paragraph_ids,526,118,231
multi_probe_bge-r1p25,"[0.037483065604535314, 0.1164444291065783]",360,evaluation_row_mean_with_context_cluster_resampling,oracle_bgb_paragraph_ids:legal_basis_correctness,0.002159978400215998,185,0.07667300380228137,legal_basis_correctness,0.00023999760002399976,oracle_bgb_paragraph_ids,526,116,225
multi_probe_bge-r1p25,"[0.018952873722257416, 0.09232710353221364]",360,evaluation_row_mean_with_context_cluster_resampling,oracle_bgb_paragraph_ids:overall_score,0.030699693003069968,200,0.05525982256020279,overall_score,0.003089969100308997,oracle_bgb_paragraph_ids,526,68,258
multi_probe_bge-r1p25,"[0.0484739332096475, 0.13395345865618974]",360,evaluation_row_mean_with_context_cluster_resampling,no_context:outcome_correctness,0.0005499945000549994,113,0.0911787072243346,outcome_correctness,4.999950000499995e-05,no_context,526,219,194
multi_probe_bge-r1p25,"[0.16377749060150376, 0.24162456001805055]",360,evaluation_row_mean_with_context_cluster_resampling,no_context:legal_reasoning_correctness,0.00014999850001499987,102,0.20243346007604562,legal_reasoning_correctness,9.99990000099999e-06,no_context,526,106,318
multi_probe_bge-r1p25,"[0.2511240254706533, 0.32929618169252484]",360,evaluation_row_mean_with_context_cluster_resampling,no_context:legal_basis_correctness,0.00014999850001499987,81,0.28965779467680614,legal_basis_correctness,9.99990000099999e-06,no_context,526,94,351
multi_probe_bge-r1p25,"[0.15811692595957305, 0.23073012392419495]",360,evaluation_row_mean_with_context_cluster_resampling,no_context:overall_score,0.00014999850001499987,118,0.1944233206590621,overall_score,9.99990000099999e-06,no_context,526,63,345
multi_probe_bge-r2p0,"[-0.06436779629282906, 0.014567721495186509]",360,evaluation_row_mean_with_context_cluster_resampling,raw:outcome_correctness,1.0,134,-0.023935361216730042,outcome_correctness,0.23510764892351077,raw,526,269,123
multi_probe_bge-r2p0,"[-0.0961611461832503, -0.022150608473030797]",360,evaluation_row_mean_with_context_cluster_resampling,raw:legal_reasoning_correctness,0.02222977770222298,218,-0.05863117870722433,legal_reasoning_correctness,0.0017099829001709984,raw,526,143,165
multi_probe_bge-r2p0,"[-0.13053455825788507, -0.054949592098042795]",360,evaluation_row_mean_with_context_cluster_resampling,raw:legal_basis_correctness,0.00014999850001499987,246,-0.09296577946768061,legal_basis_correctness,9.99990000099999e-06,raw,526,130,150
multi_probe_bge-r2p0,"[-0.09372351318547942, -0.023929434354977883]",360,evaluation_row_mean_with_context_cluster_resampling,raw:overall_score,0.012089879101208989,253,-0.05851077313054499,overall_score,0.0009299907000929991,raw,526,83,190
multi_probe_bge-r2p0,"[-0.02662978355400847, 0.06175334005344086]",360,evaluation_row_mean_with_context_cluster_resampling,oracle_bgb_paragraph_ids:outcome_correctness,1.0,139,0.017338403041825098,outcome_correctness,0.43917560824391755,oracle_bgb_paragraph_ids,526,233,154
multi_probe_bge-r2p0,"[-0.015805030807773037, 0.05940425963934102]",360,evaluation_row_mean_with_context_cluster_resampling,oracle_bgb_paragraph_ids:legal_reasoning_correctness,0.5199548004519955,192,0.021482889733840306,legal_reasoning_correctness,0.25997740022599775,oracle_bgb_paragraph_ids,526,130,204
multi_probe_bge-r2p0,"[-0.01060799751381598, 0.06658486167050245]",360,evaluation_row_mean_with_context_cluster_resampling,oracle_bgb_paragraph_ids:legal_basis_correctness,0.31241687583124167,194,0.027927756653992393,legal_basis_correctness,0.15620843791562083,oracle_bgb_paragraph_ids,526,120,212
multi_probe_bge-r2p0,"[-0.014430970105558999, 0.06039423585115416]",360,evaluation_row_mean_with_context_cluster_resampling,oracle_bgb_paragraph_ids:overall_score,0.4903550964490355,216,0.02224968314321927,overall_score,0.24517754822451776,oracle_bgb_paragraph_ids,526,74,236
multi_probe_bge-r2p0,"[0.03330525915022794, 0.120813734494713]",360,evaluation_row_mean_with_context_cluster_resampling,no_context:outcome_correctness,0.003359966400335997,129,0.07699619771863118,outcome_correctness,0.0008399916000839992,no_context,526,206,191
multi_probe_bge-r2p0,"[0.12678866197545222, 0.20592312992125988]",360,evaluation_row_mean_with_context_cluster_resampling,no_context:legal_reasoning_correctness,0.00014999850001499987,130,0.16633079847908744,legal_reasoning_correctness,9.99990000099999e-06,no_context,526,111,285
multi_probe_bge-r2p0,"[0.20309128534118395, 0.2796841845746829]",360,evaluation_row_mean_with_context_cluster_resampling,no_context:legal_basis_correctness,0.00014999850001499987,105,0.2409125475285171,legal_basis_correctness,9.99990000099999e-06,no_context,526,109,312
multi_probe_bge-r2p0,"[0.12407712300512523, 0.1992069597069597]",360,evaluation_row_mean_with_context_cluster_resampling,no_context:overall_score,0.00014999850001499987,139,0.1614131812420786,overall_score,9.99990000099999e-06,no_context,526,74,313
german_legal_selector_v2-r1p1,"[-0.03959903350515463, 0.02496446699647601]",360,evaluation_row_mean_with_context_cluster_resampling,raw:outcome_correctness,1.0,111,-0.007452471482889736,outcome_correctness,0.6524934750652494,raw,526,300,115
german_legal_selector_v2-r1p1,"[-0.045996588708068706, 0.02067576615500214]",360,evaluation_row_mean_with_context_cluster_resampling,raw:legal_reasoning_correctness,1.0,194,-0.01250950570342206,legal_reasoning_correctness,0.45613543864561357,raw,526,140,192
german_legal_selector_v2-r1p1,"[-0.0598157200496586, 0.013301407989521924]",360,evaluation_row_mean_with_context_cluster_resampling,raw:legal_basis_correctness,0.6649733502664973,189,-0.023250950570342207,legal_basis_correctness,0.22165778342216577,raw,526,168,169
german_legal_selector_v2-r1p1,"[-0.045496745162208314, 0.01635146978499427]",360,evaluation_row_mean_with_context_cluster_resampling,raw:overall_score,1.0,223,-0.014404309252217999,overall_score,0.35642643573564264,raw,526,94,209
german_legal_selector_v2-r1p1,"[-0.010131566833987913, 0.07817298086739513]",360,evaluation_row_mean_with_context_cluster_resampling,oracle_bgb_paragraph_ids:outcome_correctness,1.0,146,0.0338212927756654,outcome_correctness,0.13123868761312388,oracle_bgb_paragraph_ids,526,217,163
german_legal_selector_v2-r1p1,"[0.02866693379790941, 0.10636548578004272]",360,evaluation_row_mean_with_context_cluster_resampling,oracle_bgb_paragraph_ids:legal_reasoning_correctness,0.01065989340106599,173,0.06760456273764259,legal_reasoning_correctness,0.0008199918000819992,oracle_bgb_paragraph_ids,526,111,242
german_legal_selector_v2-r1p1,"[0.0577263986013986, 0.13930113570144184]",360,evaluation_row_mean_with_context_cluster_resampling,oracle_bgb_paragraph_ids:legal_basis_correctness,0.00014999850001499987,168,0.09764258555133079,legal_basis_correctness,9.99990000099999e-06,oracle_bgb_paragraph_ids,526,111,247
german_legal_selector_v2-r1p1,"[0.027760533308592454, 0.1064559500515269]",360,evaluation_row_mean_with_context_cluster_resampling,oracle_bgb_paragraph_ids:overall_score,0.00896991030089699,205,0.06635614702154627,overall_score,0.0006899931000689993,oracle_bgb_paragraph_ids,526,69,252
german_legal_selector_v2-r1p1,"[0.05020970575360561, 0.13698209719393528]",360,evaluation_row_mean_with_context_cluster_resampling,no_context:outcome_correctness,0.0004199958000419996,125,0.09347908745247148,outcome_correctness,2.999970000299997e-05,no_context,526,214,187
german_legal_selector_v2-r1p1,"[0.17356391146071462, 0.25188154397880125]",360,evaluation_row_mean_with_context_cluster_resampling,no_context:legal_reasoning_correctness,0.00014999850001499987,110,0.21245247148288973,legal_reasoning_correctness,9.99990000099999e-06,no_context,526,116,300
german_legal_selector_v2-r1p1,"[0.26786425767250027, 0.35386096354074126]",360,evaluation_row_mean_with_context_cluster_resampling,no_context:legal_basis_correctness,0.00014999850001499987,81,0.3106273764258555,legal_basis_correctness,9.99990000099999e-06,no_context,526,103,342
german_legal_selector_v2-r1p1,"[0.16713617632264663, 0.2442520742500163]",360,evaluation_row_mean_with_context_cluster_resampling,no_context:overall_score,0.00014999850001499987,129,0.20551964512040555,overall_score,9.99990000099999e-06,no_context,526,68,329
german_legal_selector_v2-r1p25,"[-0.04368002755905512, 0.03569486140619594]",360,evaluation_row_mean_with_context_cluster_resampling,raw:outcome_correctness,1.0,111,-0.003441064638783271,outcome_correctness,0.8638913610863891,raw,526,286,129
german_legal_selector_v2-r1p25,"[-0.05432602327391201, 0.01500046992481202]",360,evaluation_row_mean_with_context_cluster_resampling,raw:legal_reasoning_correctness,1.0,192,-0.01916349809885931,legal_reasoning_correctness,0.2817671823281767,raw,526,151,183
german_legal_selector_v2-r1p25,"[-0.06600124045801527, 0.009139271790587577]",360,evaluation_row_mean_with_context_cluster_resampling,raw:legal_basis_correctness,0.5981140188598114,200,-0.02817490494296578,legal_basis_correctness,0.14952850471495285,raw,526,148,178
german_legal_selector_v2-r1p25,"[-0.051420281375149535, 0.01647956917972457]",360,evaluation_row_mean_with_context_cluster_resampling,raw:overall_score,1.0,224,-0.01692648922686945,overall_score,0.3222967770322297,raw,526,93,209
german_legal_selector_v2-r1p25,"[-0.0019611840952881415, 0.07863878381207452]",360,evaluation_row_mean_with_context_cluster_resampling,oracle_bgb_paragraph_ids:outcome_correctness,1.0,133,0.03783269961977187,outcome_correctness,0.07268927310726893,oracle_bgb_paragraph_ids,526,234,159
german_legal_selector_v2-r1p25,"[0.024494170261793048, 0.0990415295535721]",360,evaluation_row_mean_with_context_cluster_resampling,oracle_bgb_paragraph_ids:legal_reasoning_correctness,0.014629853701462985,164,0.06095057034220533,legal_reasoning_correctness,0.0013299867001329987,oracle_bgb_paragraph_ids,526,125,237
german_legal_selector_v2-r1p25,"[0.05223298082583467, 0.13395150966313388]",360,evaluation_row_mean_with_context_cluster_resampling,oracle_bgb_paragraph_ids:legal_basis_correctness,0.00039999600003999964,161,0.09271863117870723,legal_basis_correctness,3.999960000399996e-05,oracle_bgb_paragraph_ids,526,119,246
german_legal_selector_v2-r1p25,"[0.02714267845975163, 0.10053141659331483]",360,evaluation_row_mean_with_context_cluster_resampling,oracle_bgb_paragraph_ids:overall_score,0.00896991030089699,188,0.06383396704689481,overall_score,0.0007099929000709993,oracle_bgb_paragraph_ids,526,68,270
german_legal_selector_v2-r1p25,"[0.05250308681617684, 0.14349843335086523]",360,evaluation_row_mean_with_context_cluster_resampling,no_context:outcome_correctness,0.0006399936000639994,115,0.09749049429657795,outcome_correctness,7.999920000799993e-05,no_context,526,212,199
german_legal_selector_v2-r1p25,"[0.16532939850032602, 0.24557572987599652]",360,evaluation_row_mean_with_context_cluster_resampling,no_context:legal_reasoning_correctness,0.00014999850001499987,115,0.20579847908745247,legal_reasoning_correctness,9.99990000099999e-06,no_context,526,113,298
german_legal_selector_v2-r1p25,"[0.2640571509009009, 0.34678078592172135]",360,evaluation_row_mean_with_context_cluster_resampling,no_context:legal_basis_correctness,0.00014999850001499987,94,0.3057034220532319,legal_basis_correctness,9.99990000099999e-06,no_context,526,88,344
german_legal_selector_v2-r1p25,"[0.16358368380460533, 0.24186025454488563]",360,evaluation_row_mean_with_context_cluster_resampling,no_context:overall_score,0.00014999850001499987,141,0.20299746514575412,overall_score,9.99990000099999e-06,no_context,526,58,327
german_legal_selector_v2-r2p0,"[-0.05864423227544722, 0.02041050551650752]",360,evaluation_row_mean_with_context_cluster_resampling,raw:outcome_correctness,1.0,132,-0.018802281368821294,outcome_correctness,0.36023639763602366,raw,526,262,132
german_legal_selector_v2-r2p0,"[-0.07591477635728461, 3.3381868258872662e-18]",360,evaluation_row_mean_with_context_cluster_resampling,raw:legal_reasoning_correctness,0.36343636563634363,220,-0.03779467680608365,legal_reasoning_correctness,0.045429545704542953,raw,526,133,173
german_legal_selector_v2-r2p0,"[-0.1055068442318793, -0.02589098897795592]",360,evaluation_row_mean_with_context_cluster_resampling,raw:legal_basis_correctness,0.013799862001379986,230,-0.06576045627376426,legal_basis_correctness,0.0013799862001379986,raw,526,141,155
german_legal_selector_v2-r2p0,"[-0.07667258818110029, -0.004705159110584326]",360,evaluation_row_mean_with_context_cluster_resampling,raw:overall_score,0.24182758172418276,247,-0.04078580481622307,overall_score,0.026869731302686974,raw,526,88,191
german_legal_selector_v2-r2p0,"[-0.020138432178508508, 0.06546474358974358]",360,evaluation_row_mean_with_context_cluster_resampling,oracle_bgb_paragraph_ids:outcome_correctness,1.0,145,0.02247148288973384,outcome_correctness,0.31183688163118367,oracle_bgb_paragraph_ids,526,227,154
german_legal_selector_v2-r2p0,"[0.004759344598054273, 0.08051938131313131]",360,evaluation_row_mean_with_context_cluster_resampling,oracle_bgb_paragraph_ids:legal_reasoning_correctness,0.1950180498195018,200,0.04231939163498099,legal_reasoning_correctness,0.02785972140278597,oracle_bgb_paragraph_ids,526,113,213
german_legal_selector_v2-r2p0,"[0.014835906154369262, 0.09585351862519201]",360,evaluation_row_mean_with_context_cluster_resampling,oracle_bgb_paragraph_ids:legal_basis_correctness,0.027039729602703972,195,0.055133079847908745,legal_basis_correctness,0.006759932400675993,oracle_bgb_paragraph_ids,526,115,216
german_legal_selector_v2-r2p0,"[0.002629658662573351, 0.07874835724539223]",360,evaluation_row_mean_with_context_cluster_resampling,oracle_bgb_paragraph_ids:overall_score,0.19739802601973983,227,0.0399746514575412,overall_score,0.039479605203947964,oracle_bgb_paragraph_ids,526,69,230
german_legal_selector_v2-r2p0,"[0.039572550895165204, 0.1257446912807676]",360,evaluation_row_mean_with_context_cluster_resampling,no_context:outcome_correctness,0.0017499825001749984,120,0.08212927756653993,outcome_correctness,0.00024999750002499977,no_context,526,218,188
german_legal_selector_v2-r2p0,"[0.14956019727838282, 0.2247403196157495]",360,evaluation_row_mean_with_context_cluster_resampling,no_context:legal_reasoning_correctness,0.00014999850001499987,119,0.18716730038022814,legal_reasoning_correctness,9.99990000099999e-06,no_context,526,116,291
german_legal_selector_v2-r2p0,"[0.23047575360419398, 0.3057034751618526]",360,evaluation_row_mean_with_context_cluster_resampling,no_context:legal_basis_correctness,0.00014999850001499987,88,0.26811787072243354,legal_basis_correctness,9.99990000099999e-06,no_context,526,115,323
german_legal_selector_v2-r2p0,"[0.14309898509896188, 0.21639224978192437]",360,evaluation_row_mean_with_context_cluster_resampling,no_context:overall_score,0.00014999850001499987,135,0.1791381495564005,overall_score,9.99990000099999e-06,no_context,526,71,320
dac_native_tokens-r1p1,"[-0.052970221280602636, 0.015294107495592686]",360,evaluation_row_mean_with_context_cluster_resampling,raw:outcome_correctness,1.0,124,-0.01884030418250951,outcome_correctness,0.27422725772742274,raw,526,296,106
dac_native_tokens-r1p1,"[-0.05204615316412755, 0.010957462957775265]",360,evaluation_row_mean_with_context_cluster_resampling,raw:legal_reasoning_correctness,1.0,190,-0.019866920152091253,legal_reasoning_correctness,0.2161978380216198,raw,526,159,177
dac_native_tokens-r1p1,"[-0.08263200828366501, -0.014800537348806805]",360,evaluation_row_mean_with_context_cluster_resampling,raw:legal_basis_correctness,0.033739662603373965,204,-0.04876425855513308,legal_basis_correctness,0.004819951800481995,raw,526,166,156
dac_native_tokens-r1p1,"[-0.05928670597504044, 0.0006419636970921849]",360,evaluation_row_mean_with_context_cluster_resampling,raw:overall_score,0.35538644613553866,219,-0.02915716096324461,overall_score,0.05076949230507695,raw,526,113,194
dac_native_tokens-r1p1,"[-0.021879118680368983, 0.06695496494491343]",360,evaluation_row_mean_with_context_cluster_resampling,oracle_bgb_paragraph_ids:outcome_correctness,1.0,145,0.02243346007604563,outcome_correctness,0.3282267177328227,oracle_bgb_paragraph_ids,526,229,152
dac_native_tokens-r1p1,"[0.021681255597690414, 0.10101227084565345]",360,evaluation_row_mean_with_context_cluster_resampling,oracle_bgb_paragraph_ids:legal_reasoning_correctness,0.02231977680223198,184,0.060247148288973394,legal_reasoning_correctness,0.0024799752002479976,oracle_bgb_paragraph_ids,526,119,223
dac_native_tokens-r1p1,"[0.03310323150803709, 0.11212148370497427]",360,evaluation_row_mean_with_context_cluster_resampling,oracle_bgb_paragraph_ids:legal_basis_correctness,0.0027999720002799973,176,0.07212927756653992,legal_basis_correctness,0.00034999650003499967,oracle_bgb_paragraph_ids,526,125,225
dac_native_tokens-r1p1,"[0.01318088475384184, 0.09114141645670895]",360,evaluation_row_mean_with_context_cluster_resampling,oracle_bgb_paragraph_ids:overall_score,0.06815931840681594,213,0.05160329531051964,overall_score,0.008519914800851992,oracle_bgb_paragraph_ids,526,73,240
dac_native_tokens-r1p1,"[0.038691455928165655, 0.12518911207688502]",360,evaluation_row_mean_with_context_cluster_resampling,no_context:outcome_correctness,0.0021499785002149978,116,0.0820912547528517,outcome_correctness,0.00042999570004299955,no_context,526,219,191
dac_native_tokens-r1p1,"[0.1659736017710204, 0.24451048037362394]",360,evaluation_row_mean_with_context_cluster_resampling,no_context:legal_reasoning_correctness,0.00014999850001499987,108,0.20509505703422054,legal_reasoning_correctness,9.99990000099999e-06,no_context,526,115,303
dac_native_tokens-r1p1,"[0.24427488854571375, 0.32534934318555003]",360,evaluation_row_mean_with_context_cluster_resampling,no_context:legal_basis_correctness,0.00014999850001499987,90,0.2851140684410646,legal_basis_correctness,9.99990000099999e-06,no_context,526,104,332
dac_native_tokens-r1p1,"[0.15327964281566905, 0.22877749172870138]",360,evaluation_row_mean_with_context_cluster_resampling,no_context:overall_score,0.00014999850001499987,128,0.19076679340937897,overall_score,9.99990000099999e-06,no_context,526,71,327
dac_native_tokens-r1p25,"[-0.04354550282053067, 0.03515220934444041]",360,evaluation_row_mean_with_context_cluster_resampling,raw:outcome_correctness,1.0,122,-0.0034600760456273785,outcome_correctness,0.8638813611863881,raw,526,285,119
dac_native_tokens-r1p25,"[-0.07538686454311455, -0.005185780303208924]",360,evaluation_row_mean_with_context_cluster_resampling,raw:legal_reasoning_correctness,0.22202777972220278,210,-0.03963878326996198,legal_reasoning_correctness,0.024669753302466974,raw,526,142,174
dac_native_tokens-r1p25,"[-0.10961923114539654, -0.0342583852544133]",360,evaluation_row_mean_with_context_cluster_resampling,raw:legal_basis_correctness,0.002519974800251998,232,-0.0718250950570342,legal_basis_correctness,0.0002099979000209998,raw,526,128,166
dac_native_tokens-r1p25,"[-0.07199688771639423, -0.005969014684549161]",360,evaluation_row_mean_with_context_cluster_resampling,raw:overall_score,0.2117978820211798,246,-0.03830798479087453,overall_score,0.02117978820211798,raw,526,87,193
dac_native_tokens-r1p25,"[-0.0052674150023942915, 0.08171618037135277]",360,evaluation_row_mean_with_context_cluster_resampling,oracle_bgb_paragraph_ids:outcome_correctness,1.0,128,0.03781368821292776,outcome_correctness,0.08442915570844292,oracle_bgb_paragraph_ids,526,250,148
dac_native_tokens-r1p25,"[0.003083590373462375, 0.0779107634902411]",360,evaluation_row_mean_with_context_cluster_resampling,oracle_bgb_paragraph_ids:legal_reasoning_correctness,0.1950180498195018,175,0.04047528517110266,legal_reasoning_correctness,0.034869651303486966,oracle_bgb_paragraph_ids,526,122,229
dac_native_tokens-r1p25,"[0.009902108785991065, 0.08806111462599758]",360,evaluation_row_mean_with_context_cluster_resampling,oracle_bgb_paragraph_ids:legal_basis_correctness,0.04145958540414596,184,0.04906844106463877,legal_basis_correctness,0.013819861801381986,oracle_bgb_paragraph_ids,526,130,212
dac_native_tokens-r1p25,"[0.005315016284549853, 0.08033925209196018]",360,evaluation_row_mean_with_context_cluster_resampling,oracle_bgb_paragraph_ids:overall_score,0.14297857021429786,201,0.042452471482889734,overall_score,0.023829761702382976,oracle_bgb_paragraph_ids,526,76,249
dac_native_tokens-r1p25,"[0.05285266847708756, 0.14220777894491127]",360,evaluation_row_mean_with_context_cluster_resampling,no_context:outcome_correctness,0.0004199958000419996,121,0.09747148288973384,outcome_correctness,2.999970000299997e-05,no_context,526,213,192
dac_native_tokens-r1p25,"[0.14613447970740917, 0.22387181259600614]",360,evaluation_row_mean_with_context_cluster_resampling,no_context:legal_reasoning_correctness,0.00014999850001499987,117,0.1853231939163498,legal_reasoning_correctness,9.99990000099999e-06,no_context,526,115,294
dac_native_tokens-r1p25,"[0.22119583270856644, 0.3027165303052199]",360,evaluation_row_mean_with_context_cluster_resampling,no_context:legal_basis_correctness,0.00014999850001499987,91,0.26205323193916347,legal_basis_correctness,9.99990000099999e-06,no_context,526,106,329
dac_native_tokens-r1p25,"[0.1444569683228659, 0.21942571443952255]",360,evaluation_row_mean_with_context_cluster_resampling,no_context:overall_score,0.00014999850001499987,131,0.18161596958174905,overall_score,9.99990000099999e-06,no_context,526,70,325
dac_native_tokens-r2p0,"[-0.10580088964916796, -0.028282521944537647]",360,evaluation_row_mean_with_context_cluster_resampling,raw:outcome_correctness,0.010349896501034989,160,-0.06665399239543726,outcome_correctness,0.0006899931000689993,raw,526,260,106
dac_native_tokens-r2p0,"[-0.1720888554216867, -0.09934806168773369]",360,evaluation_row_mean_with_context_cluster_resampling,raw:legal_reasoning_correctness,0.00014999850001499987,243,-0.13522813688212926,legal_reasoning_correctness,9.99990000099999e-06,raw,526,150,133
dac_native_tokens-r2p0,"[-0.2556779611861007, -0.17507199024746106]",360,evaluation_row_mean_with_context_cluster_resampling,raw:legal_basis_correctness,0.00014999850001499987,293,-0.21541825095057035,legal_basis_correctness,9.99990000099999e-06,raw,526,116,117
dac_native_tokens-r2p0,"[-0.17401363642623044, -0.1048187796679411]",360,evaluation_row_mean_with_context_cluster_resampling,raw:overall_score,0.00014999850001499987,292,-0.13910012674271227,overall_score,9.99990000099999e-06,raw,526,86,148
dac_native_tokens-r2p0,"[-0.06832810969930019, 0.017295775784174513]",360,evaluation_row_mean_with_context_cluster_resampling,oracle_bgb_paragraph_ids:outcome_correctness,1.0,157,-0.025380228136882132,outcome_correctness,0.25179748202517976,oracle_bgb_paragraph_ids,526,240,129
dac_native_tokens-r2p0,"[-0.09109099568719703, -0.01618048312968159]",360,evaluation_row_mean_with_context_cluster_resampling,oracle_bgb_paragraph_ids:legal_reasoning_correctness,0.04287957120428796,233,-0.055114068441064645,legal_reasoning_correctness,0.005359946400535995,oracle_bgb_paragraph_ids,526,138,155
dac_native_tokens-r2p0,"[-0.13587136652795218, -0.0519545682657444]",360,evaluation_row_mean_with_context_cluster_resampling,oracle_bgb_paragraph_ids:legal_basis_correctness,0.0003599964000359997,250,-0.09452471482889734,legal_basis_correctness,2.999970000299997e-05,oracle_bgb_paragraph_ids,526,127,149
dac_native_tokens-r2p0,"[-0.0956213083098573, -0.02048433146449207]",360,evaluation_row_mean_with_context_cluster_resampling,oracle_bgb_paragraph_ids:overall_score,0.030699693003069968,263,-0.05833967046894804,overall_score,0.003069969300306997,oracle_bgb_paragraph_ids,526,78,185
dac_native_tokens-r2p0,"[-0.008881387661107602, 0.07847851277618713]",360,evaluation_row_mean_with_context_cluster_resampling,no_context:outcome_correctness,0.12709872901270988,148,0.034277566539923955,outcome_correctness,0.12709872901270988,no_context,526,204,174
dac_native_tokens-r2p0,"[0.05133504143238172, 0.12853782774554048]",360,evaluation_row_mean_with_context_cluster_resampling,no_context:legal_reasoning_correctness,0.00014999850001499987,163,0.08973384030418252,legal_reasoning_correctness,9.99990000099999e-06,no_context,526,131,232
dac_native_tokens-r2p0,"[0.0784776049240335, 0.1597994184029785]",360,evaluation_row_mean_with_context_cluster_resampling,no_context:legal_basis_correctness,0.00014999850001499987,148,0.11846007604562737,legal_basis_correctness,9.99990000099999e-06,no_context,526,134,244
dac_native_tokens-r2p0,"[0.044341956777955896, 0.11865387299862852]",360,evaluation_row_mean_with_context_cluster_resampling,no_context:overall_score,0.00014999850001499987,186,0.08082382762991129,overall_score,4.999950000499995e-05,no_context,526,79,261
